"MB QR","ASIN","ORDER CODE","SKU USA","FNSKU USA","Nombre","SKU SPAIN","FNSKU SPAIN","SKU UK","FNSKU UK","MB Packing","","","","","","","","","","","","","",""
"BTPLCULCU-0DDF-10M1P-80MB","B00T89DIQW","BTPLCULCU-0DDF-10M1P","NC-36IF-LKRF","X000Q79PLX","LC to LC Fiber Patch Cable Single Mode Duplex - 10m (32.8ft) - 9/125um OS1 / - Beyondtech PureOptics Cable Series","BTPLCULCU-0DDF-10M1P","B00T89DIQW","BTPLCULCU-0DDF-10M1P","X00116QCNT","80","","","","","","","","","","","","","",""
"BTPLCUSCU-0DDF-10M1P-80MB","B00T89G0OO","BTPLCUSCU-0DDF-10M1P","J0-NR3P-MRJV","X000Q7BQBF","LC to SC Fiber Patch Cable Single Mode Duplex - 10m (32.8ft) - 9/125um OS1 / - Beyondtech PureOptics Cable Series","BTPLCUSCU-0DDF-10M1P","X000WUPC5J","BTPLCUSCU-0DDF-10M1P","X000WG1PSB","80","","","","","","","","","","","","","",""
"BTPLCUSTU-0DDF-10M1P-80MB","B00T89HQSS","BTPLCUSTU-0DDF-10M1P","AJ-9MGM-SD08","X000Q79WGV","LC to ST Fiber Patch Cable Single Mode Duplex - 10m (32.8ft) - 9/125um OS1 / - Beyondtech PureOptics Cable Series","BTPLCUSTU-0DDF-10M1P","X000WG43XZ","BTPLCUSTU-0DDF-10M1P","X000WRCTZD","80","","","","","","","","","","","","","",""
"BTPSCUSCU-0DDF-10M1P-80MB","B00T89JE6K","BTPSCUSCU-0DDF-10M1P","CF-OA18-4XSU","X000Q7BQAV","SC to SC Fiber Patch Cable Single Mode Duplex - 10m (32.8ft) - 9/125um OS1 / - Beyondtech PureOptics Cable Series","BTPSCUSCU-0DDF-10M1P","B00T89JE6K","BTPSCUSCU-0DDF-10M1P","X00110IHKL","80","","","","","","","","","","","","","",""
"BTPSCUSTU-0DDF-10M1P-80MB","B00T89KUDQ","BTPSCUSTU-0DDF-10M1P","MY-5EDZ-F50K","X000Q7BQAL","SC to ST Fiber Patch Cable Single Mode Duplex - 10m (32.8ft) - 9/125um OS1 / - Beyondtech PureOptics Cable Series","BTPSCUSTU-0DDF-10M1P","B00T89KUDQ","BTPSCUSTU-0DDF-10M1P","X00116QCHZ","80","","","","","","","","","","","","","",""
"BTPSTUSTU-0DDF-10M1P-80MB","B00T89MHUA","BTPSTUSTU-0DDF-10M1P","PP-TJ8U-O78M","X000Q7BQB5","ST to ST Fiber Patch Cable Single Mode Duplex - 10m (32.8ft) - 9/125um OS1 / - Beyondtech PureOptics Cable Series","BTPSTUSTU-0DDF-10M1P","B00T89MHUA","BTPSTUSTU-0DDF-10M1P","X00115KBZP","80","","","","","","","","","","","","","",""
"BTPSCAFCA-0DDF-10M1P-80MB","B01M5GBI0U","BTPSCAFCA-0DDF-10M1P","BT-FOAPCPCDU-SCFC-32FT1P","X0018ZOO8V","SC to FC Fiber Patch Cable Single Mode Duplex - 10m (32.8ft) - 9/125um OS1 / - Beyondtech PureOptics Cable Series","BTPSCAFCA-0DDF-10M1P","B01M5GBI0U","BTPSCAFCA-0DDF-10M1P","X001185DJ1","80","","","","","","","","","","","","","",""
"BTPSCASCA-0DDF-10M1P-80MB","B01MDRBPF8","BTPSCASCA-0DDF-10M1P","BT-FOAPCPCDU-SCSC-32FT1P","X0018ZOTJP","SC to SC Fiber Patch Cable Single Mode Duplex - 10m (32.8ft) - 9/125um OS1 / - Beyondtech PureOptics Cable Series","BTPSCASCA-0DDF-10M1P","X000WRCF43","BTPSCASCA-0DDF-10M1P","X000X7QE71","80","","","","","","","","","","","","","",""
"BTPLCALCA-0DDF-10M1P-80MB","B01MFCI3J8","BTPLCALCA-0DDF-10M1P","BT-FOAPCPCDU-LCLC-32FT1P","X0018RSJZ3","LC to LC Fiber Patch Cable Single Mode Duplex - 10m (32.8ft) - 9/125um OS1 / - Beyondtech PureOptics Cable Series","BTPLCALCA-0DDF-10M1P","X000WNKWDD","BTPLCALCA-0DDF-10M1P","X000WWJALT","80","","","","","","","","","","","","","",""
"BTPFCUFCU-0DDF-10M1P-80MB","B01MTCBAMY","BTPFCUFCU-0DDF-10M1P","BT-FOOS1PC-FCFC-32FT1P","X001D6LVL3","FC to FC Fiber Patch Cable Single Mode Duplex - 10m (32.8ft) - 9/125um OS1 / - Beyondtech PureOptics Cable Series","","","BTPFCUFCU-0DC-10M1P","X000N4IGNT","80","","","","","","","","","","","","","",""
"BTPLCUFCU-0DDF-10M1P-80MB","B01N6U7XQ3","BTPLCUFCU-0DDF-10M1P","BT-FOOS1PC-FCLC-32FT1P","X001DB2E5Z","LC to FC Fiber Patch Cable Single Mode Duplex - 10m (32.8ft) - 9/125um OS1 / - Beyondtech PureOptics Cable Series","","","BTPLCUFCU-0DC-10M1P","X000N4IGPH","80","","","","","","","","","","","","","",""
"BTPLCULCU-0DDF-15M1P-60MB","B00T89Q8QY","BTPLCULCU-0DDF-15M1P","GU-96UU-NCY4","X000Q7A7DD","LC to LC Fiber Patch Cable Single Mode Duplex - 15m (49.2ft) - 9/125um OS1 / - Beyondtech PureOptics Cable Series","BTPLCULCU-0DDF-15M1P","X000WUPC6X","BTPLCULCU-0DDF-15M1P","X000WG1PSV","60","","","","","","","","","","","","","",""
"BTPLCUSCU-0DDF-15M1P-60MB","B00T89S6ZK","BTPLCUSCU-0DDF-15M1P","4G-K1U5-0KXS","X000Q7A9E5","LC to SC Fiber Patch Cable Single Mode Duplex - 15m (49.2ft) - 9/125um OS1 / - Beyondtech PureOptics Cable Series","BTPLCUSCU-0DDF-15M1P","X000WNKWC9","BTPLCUSCU-0DDF-15M1P","X000WRCS8V","60","","","","","","","","","","","","","",""
"BTPLCUSTU-0DDF-15M1P-60MB","B00T89URDE","BTPLCUSTU-0DDF-15M1P","8O-DCGZ-FS7M","X000Q7AC2T","LC to ST Fiber Patch Cable Single Mode Duplex - 15m (49.2ft) - 9/125um OS1 / - Beyondtech PureOptics Cable Series","BTPLCUSTU-0DDF-15M1P","B00T89URDE","BTPLCUSTU-0DDF-15M1P","X00111ZDK7","60","","","","","","","","","","","","","",""
"BTPSCUSCU-0DDF-15M1P-60MB","B00T89WQF6","BTPSCUSCU-0DDF-15M1P","TC-1KJX-TQW6","X000Q7AEA9","SC to SC Fiber Patch Cable Single Mode Duplex - 15m (49.2ft) - 9/125um OS1 / - Beyondtech PureOptics Cable Series","BTPSCUSCU-0DDF-15M1P","B00T89WQF6","BTPSCUSCU-0DDF-15M1P","X00113OMZ7","60","","","","","","","","","","","","","",""
"BTPSCUSTU-0DDF-15M1P-60MB","B00T89Y7ZI","BTPSCUSTU-0DDF-15M1P","6E-WZUD-WRO4","X000Q7BQBP","SC to ST Fiber Patch Cable Single Mode Duplex - 15m (49.2ft) - 9/125um OS1 / - Beyondtech PureOptics Cable Series","BTPSCUSTU-0DDF-15M1P","B00T89Y7ZI","BTPSCUSTU-0DDF-15M1P","X00111ZDGB","60","","","","","","","","","","","","","",""
"BTPSTUSTU-0DDF-15M1P-60MB","B00T8A04H2","BTPSTUSTU-0DDF-15M1P","6P-E439-JLHA","X000Q7AJVN","ST to ST Fiber Patch Cable Single Mode Duplex - 15m (49.2ft) - 9/125um OS1 / - Beyondtech PureOptics Cable Series","BTPSTUSTU-0DDF-15M1P","B00T8A04H2","BTPSTUSTU-0DDF-15M1P","X00110IHFV","60","","","","","","","","","","","","","",""
"BTPLCALCA-0DDF-15M1P-60MB","B01M3279IH","BTPLCALCA-0DDF-15M1P","BT-FOAPCPCDU-LCLC-49FT1P","X0018PR447","LC to LC Fiber Patch Cable Single Mode Duplex - 15m (49.2ft) - 9/125um OS1 / - Beyondtech PureOptics Cable Series","BTPLCALCA-0DDF-15M1P","X000WG43XF","BTPLCALCA-0DDF-15M1P","X000WRA559","60","","","","","","","","","","","","","",""
"BTPSCASCA-0DDF-15M1P-60MB","B01M5GBGU6","BTPSCASCA-0DDF-15M1P","BT-FOAPCPCDU-SCSC-49FT1P","X0018PHFZ5","SC to SC Fiber Patch Cable Single Mode Duplex - 15m (49.2ft) - 9/125um OS1 / - Beyondtech PureOptics Cable Series","BTPSCASCA-0DDF-15M1P","B01M5GBGU6","BTPSCASCA-0DDF-15M1P","X00110IHL5","60","","","","","","","","","","","","","",""
"BTPSCAFCA-0DDF-15M1P-60MB","B01MCYM5DI","BTPSCAFCA-0DDF-15M1P","BT-FOAPCPCDU-SCFC-49FT1P","X0018ZOR2J","SC to FC Fiber Patch Cable Single Mode Duplex - 15m (49.2ft) - 9/125um OS1 / - Beyondtech PureOptics Cable Series","BTPSCAFCA-0DDF-15M1P","B01MCYM5DI","BTPSCAFCA-0DDF-15M1P","X00111ZDJD","60","","","","","","","","","","","","","",""
"BTPLCULCU-0DDF-20M1P-44MB","B00T8AAI3M","BTPLCULCU-0DDF-20M1P","NC-4WKC-LKRG","X000Q7AQMZ","LC to LC Fiber Patch Cable Single Mode Duplex - 20m (65.6ft) - 9/125um OS1 / - Beyondtech PureOptics Cable Series","BTPLCULCU-0DDF-20M1P","X000WRCCFF","BTPLCULCU-0DDF-20M1P","X000WUMXVF","44","","","","","","","","","","","","","",""
"BTPLCUSCU-0DDF-20M1P-44MB","B00T8AG8UE","BTPLCUSCU-0DDF-20M1P","IX-XPPU-35M6","X000Q7AWVF","LC to SC Fiber Patch Cable Single Mode Duplex - 20m (65.6ft) - 9/125um OS1 / - Beyondtech PureOptics Cable Series","BTPLCUSCU-0DDF-20M1P","B00T8AG8UE","BTPLCUSCU-0DDF-20M1P","X00113ON83","44","","","","","","","","","","","","","",""
"BTPLCUSTU-0DDF-20M1P-44MB","B00T8ANXQQ","BTPLCUSTU-0DDF-20M1P","AN-8VX5-BYXZ","X000Q7B2NH","LC to ST Fiber Patch Cable Single Mode Duplex - 20m (65.6ft) - 9/125um OS1 / - Beyondtech PureOptics Cable Series","BTPLCUSTU-0DDF-20M1P","B00T8ANXQQ","BTPLCUSTU-0DDF-20M1P","X00110IHGZ","44","","","","","","","","","","","","","",""
"BTPSCUSCU-0DDF-20M1P-44MB","B00T8B4HJW","BTPSCUSCU-0DDF-20M1P","48-1KJN-XD2E","X000Q7BDIB","SC to SC Fiber Patch Cable Single Mode Duplex - 20m (65.6ft) - 9/125um OS1 / - Beyondtech PureOptics Cable Series","BTPSCUSCU-0DDF-20M1P","B00T8B4HJW","BTPSCUSCU-0DDF-20M1P","X0011856CP","44","","","","","","","","","","","","","",""
"BTPSCUSTU-0DDF-20M1P-44MB","B00T8BN4GE","BTPSCUSTU-0DDF-20M1P","KS-XGB0-FQET","X000Q7BK4N","SC to ST Fiber Patch Cable Single Mode Duplex - 20m (65.6ft) - 9/125um OS1 / - Beyondtech PureOptics Cable Series","BTPSCUSTU-0DDF-20M1P","B00T8BN4GE","BTPSCUSTU-0DDF-20M1P","X00118567F","44","","","","","","","","","","","","","",""
"BTPSTUSTU-0DDF-20M1P-44MB","B00T8C2H5W","BTPSTUSTU-0DDF-20M1P","5F-2H95-GOB0","X000Q7BOAX","ST to ST Fiber Patch Cable Single Mode Duplex - 20m (65.6ft) - 9/125um OS1 / - Beyondtech PureOptics Cable Series","BTPSTUSTU-0DDF-20M1P","B00T8C2H5W","BTPSTUSTU-0DDF-20M1P","X0011856E3","44","","","","","","","","","","","","","",""
"BTPSCAFCA-0DDF-20M1P-44MB","B01M29K3YM","BTPSCAFCA-0DDF-20M1P","BT-FOAPCPCDU-SCFC-65FT1P","X0018QGH5X","SC to FC Fiber Patch Cable Single Mode Duplex - 20m (65.6ft) - 9/125um OS1 / - Beyondtech PureOptics Cable Series","BTPSCAFCA-0DDF-20M1P","B01M29K3YM","BTPSCAFCA-0DDF-20M1P","X00115KC7R","44","","","","","","","","","","","","","",""
"BTPSCASCA-0DDF-20M1P-44MB","B01M71RNNA","BTPSCASCA-0DDF-20M1P","BT-FOAPCPCDU-SCSC-65FT1P","X0018ZOG9X","SC to SC Fiber Patch Cable Single Mode Duplex - 20m (65.6ft) - 9/125um OS1 / - Beyondtech PureOptics Cable Series","BTPSCASCA-0DDF-20M1P","B01M71RNNA","BTPSCASCA-0DDF-20M1P","X00111ZDLB","44","","","","","","","","","","","","","",""
"BTPLCALCA-0DDF-20M1P-44MB","B01MDR8T36","BTPLCALCA-0DDF-20M1P","BT-FOAPCPCDU-LCLC-65FT1P","X0018QGH67","LC to LC Fiber Patch Cable Single Mode Duplex - 20m (65.6ft) - 9/125um OS1 / - Beyondtech PureOptics Cable Series","BTPLCALCA-0DDF-20M1P","X000WRCF57","BTPLCALCA-0DDF-20M1P","X000X7QDIL","44","","","","","","","","","","","","","",""
"BTPSCUSCU-0DDF-2M5P-30MB","B07GVM2SPW","BTPSCUSCU-0DDF-2M5P","BTPSCUSCU-0DDF-2M5P","X001VKDGQ9","SC to SC Fiber Patch Cable Single Mode Duplex - 2m (6.56ft) - 9/125um OS1 (5 Pack) - Beyondtech PureOptics Cable Series","BTPSCUSCU-0DDF-2M5P","B07GVM2SPW","BTPSCUSCU-0DDF-2M5P","X0011856A7","30","","","","","","","","","","","","","",""
"BTPLCUSCU-0DDF-1M5P-30MB","B07GVN8XFQ","BTPLCUSCU-0DDF-1M5P","BTPLCUSCU-0DDF-1M5P","X001VKGGO3","LC to SC Fiber Patch Cable Single Mode Duplex - 1m (3.28ft) - 9/125um OS1 (5 Pack) - Beyondtech PureOptics Cable Series","BTPLCUSCU-0DDF-1M5P","B07GVN8XFQ","BTPLCUSCU-0DDF-1M5P","X00113ON8D","30","","","","","","","","","","","","","",""
"BTPLCULCU-0DDF-1M5P-30MB","B07GVNMNP4","BTPLCULCU-0DDF-1M5P","BTPLCULCU-0DDF-1M5P","X001VKF243","LC to LC Fiber Patch Cable Single Mode Duplex - 1m (3.28ft) - 9/125um OS1 (5 Pack) - Beyondtech PureOptics Cable Series","BTPLCULCU-0DDF-1M5P","B07GVNMNP4","BTPLCULCU-0DDF-1M5P","X00115KIR1","30","","","","","","","","","","","","","",""
"BTPSTUSTU-0DDF-1M5P-30MB","B07GVNNGPS","BTPSTUSTU-0DDF-1M5P","BTPSTUSTU-0DDF-1M5P","X001VK92OT","ST to ST Fiber Patch Cable Single Mode Duplex - 1m (3.28ft) - 9/125um OS1 (5 Pack) - Beyondtech PureOptics Cable Series","BTPSTUSTU-0DDF-1M5P","B07GVNNGPS","BTPSTUSTU-0DDF-1M5P","X00111ZDRZ","30","","","","","","","","","","","","","",""
"BTPLCUSTU-0DDF-2M5P-30MB","B07GVNQNJ2","BTPLCUSTU-0DDF-2M5P","BTPLCUSTU-0DDF-2M5P","X001VKGSB9","LC to ST Fiber Patch Cable Single Mode Duplex - 2m (6.56ft) - 9/125um OS1 (5 Pack) - Beyondtech PureOptics Cable Series","BTPLCUSTU-0DDF-2M5P","B07GVNQNJ2","BTPLCUSTU-0DDF-2M5P","X00113ON7J","30","","","","","","","","","","","","","",""
"BTPLCULCU-0DDF-2M5P-30MB","B07GVNTVJR","BTPLCULCU-0DDF-2M5P","BTPLCULCU-0DDF-2M5P","X001VKDGR3","LC to LC Fiber Patch Cable Single Mode Duplex - 2m (6.56ft) - 9/125um OS1 (5 Pack) - Beyondtech PureOptics Cable Series","BTPLCULCU-0DDF-2M5P","B07GVNTVJR","BTPLCULCU-0DDF-2M5P","X00115KJ2P","30","","","","","","","","","","","","","",""
"BTPSCUSCU-0DDF-1M5P-30MB","B07GVNXHFP","BTPSCUSCU-0DDF-1M5P","BTPSCUSCU-0DDF-1M5P","X001VKRILD","SC to SC Fiber Patch Cable Single Mode Duplex - 1m (3.28ft) - 9/125um OS1 (5 Pack) - Beyondtech PureOptics Cable Series","BTPSCUSCU-0DDF-1M5P","B07GVNXHFP","BTPSCUSCU-0DDF-1M5P","X00110ID5P","30","","","","","","","","","","","","","",""
"BTPSCUSTU-0DDF-2M5P-30MB","B07GVP3JNP","BTPSCUSTU-0DDF-2M5P","BTPSCUSTU-0DDF-2M5P","X001VKF24X","SC to ST Fiber Patch Cable Single Mode Duplex - 2m (6.56ft) - 9/125um OS1 (5 Pack) - Beyondtech PureOptics Cable Series","BTPSCUSTU-0DDF-2M5P","B07GVP3JNP","BTPSCUSTU-0DDF-2M5P","X00113ON5L","30","","","","","","","","","","","","","",""
"BTPLCUSTU-0DDF-1M5P-30MB","B07GVPD8DQ","BTPLCUSTU-0DDF-1M5P","BTPLCUSTU-0DDF-1M5P","X001VKGSBJ","LC to ST Fiber Patch Cable Single Mode Duplex - 1m (3.28ft) - 9/125um OS1 (5 Pack) - Beyondtech PureOptics Cable Series","BTPLCUSTU-0DDF-1M5P","B07GVPD8DQ","BTPLCUSTU-0DDF-1M5P","X00115KIV7","30","","","","","","","","","","","","","",""
"BTPSCUSTU-0DDF-1M5P-30MB","B07GVQ7TKT","BTPSCUSTU-0DDF-1M5P","BTPSCUSTU-0DDF-1M5P","X001VKGSCX","SC to ST Fiber Patch Cable Single Mode Duplex - 1m (3.28ft) - 9/125um OS1 (5 Pack) - Beyondtech PureOptics Cable Series","BTPSCUSTU-0DDF-1M5P","B07GVQ7TKT","BTPSCUSTU-0DDF-1M5P","X00115KIZ3","30","","","","","","","","","","","","","",""
"BTPLCUSCU-0DDF-2M5P-30MB","B07GVQJ2N9","BTPLCUSCU-0DDF-2M5P","BTPLCUSCU-0DDF-2M5P","X001VKFAGX","LC to SC Fiber Patch Cable Single Mode Duplex - 2m (6.56ft) - 9/125um OS1 (5 Pack) - Beyondtech PureOptics Cable Series","BTPLCUSCU-0DDF-2M5P","B07GVQJ2N9","BTPLCUSCU-0DDF-2M5P","X00113ON33","30","","","","","","","","","","","","","",""
"BTPLCUSCU-0DDF-3M5P-20MB","B07GVLY21R","BTPLCUSCU-0DDF-3M5P","BTPLCUSCU-0DDF-3M5P","X001VKFF09","LC to SC Fiber Patch Cable Single Mode Duplex - 3m (9.84ft) - 9/125um OS1 (5 Pack) - Beyondtech PureOptics Cable Series","BTPLCUSCU-0DDF-3M5P","B07GVLY21R","BTPLCUSCU-0DDF-3M5P","X00116QCEN","20","","","","","","","","","","","","","",""
"BTPLCULCU-0DDF-3M5P-20MB","B07GVNQ61J","BTPLCULCU-0DDF-3M5P","BTPLCULCU-0DDF-3M5P","X001VKGGPH","LC to LC Fiber Patch Cable Single Mode Duplex - 3m (9.84ft) - 9/125um OS1 (5 Pack) - Beyondtech PureOptics Cable Series","BTPLCULCU-0DDF-3M5P","B07GVNQ61J","BTPLCULCU-0DDF-3M5P","X00110IHLF","20","","","","","","","","","","","","","",""
"BTPSCUSCU-0DDF-3M5P-20MB","B07GVP2BHC","BTPSCUSCU-0DDF-3M5P","BTPSCUSCU-0DDF-3M5P","X001VKGSC3","SC to SC Fiber Patch Cable Single Mode Duplex - 3m (9.84ft) - 9/125um OS1 (5 Pack) - Beyondtech PureOptics Cable Series","BTPSCUSCU-0DDF-3M5P","B07GVP2BHC","BTPSCUSCU-0DDF-3M5P","X00116QCNJ","20","","","","","","","","","","","","","",""
"BTPLCUSTU-0DDF-3M5P-20MB","B07GVQ3HDQ","BTPLCUSTU-0DDF-3M5P","BTPLCUSTU-0DDF-3M5P","X001VKF239","LC to ST Fiber Patch Cable Single Mode Duplex - 3m (9.84ft) - 9/125um OS1 (5 Pack) - Beyondtech PureOptics Cable Series","BTPLCUSTU-0DDF-3M5P","B07GVQ3HDQ","BTPLCUSTU-0DDF-3M5P","X00111ZDS9","20","","","","","","","","","","","","","",""
"BTPSCASCA-0DDF-3M5P-20MB","B07HF9QWJR","BTPSCASCA-0DDF-3M5P","BTPSCASCA-0DDF-3M5P","X001W6SDM9","SC to SC Fiber Patch Cable Single Mode Duplex - 3m (9.84ft) - 9/125um OS1 (5 Pack) - Beyondtech PureOptics Cable Series","BTPSCASCA-0DDF-3M5P","B07HF9QWJR","BTPSCASCA-0DDF-3M5P","X001185DO1","20","","","","","","","","","","","","","",""
"BTPLCULCU-0DDF-3M1P-150MB","B00IXP05IQ","BTPLCULCU-0DDF-3M1P","CM-VXZ9-7SJ3","X000KI1JEJ","LC to LC Fiber Patch Cable Single Mode Duplex - 3m (9.84ft) - 9/125um OS1 / - Beyondtech PureOptics Cable Series","BTPLCULCU-0DDF-3M1P","X000WRCF4N","BTPLCULCU-0DDF-3M1P","X000WUMYSR","150","","","","","","","","","","","","","",""
"BTPLCUSCU-0DDF-3M1P-150MB","B00IXP1H3S","BTPLCUSCU-0DDF-3M1P","6I-UTU5-G0GN","X000KI1KF7","LC to SC Fiber Patch Cable Single Mode Duplex - 3m (9.84ft) - 9/125um OS1 / - Beyondtech PureOptics Cable Series","BTPLCUSCU-0DDF-3M1P","B00IXP1H3S","BTPLCUSCU-0DDF-3M1P","X00116QCLB","150","","","","","","","","","","","","","",""
"BTPLCUSTU-0DDF-3M1P-150MB","B00IXP2YB2","BTPLCUSTU-0DDF-3M1P","MN-D1TE-RY28","X000KI1KWF","LC to ST Fiber Patch Cable Single Mode Duplex - 3m (9.84ft) - 9/125um OS1 / - Beyondtech PureOptics Cable Series","BTPLCUSTU-0DDF-3M1P","B00IXP2YB2","BTPLCUSTU-0DDF-3M1P","X00110ID19","150","","","","","","","","","","","","","",""
"BTPSCUSCU-0DDF-3M1P-150MB","B00IXP4HG2","BTPSCUSCU-0DDF-3M1P","Q3-OOE9-U9UB","X000KI1LGF","SC to SC Fiber Patch Cable Single Mode Duplex - 3m (9.84ft) - 9/125um OS1 / - Beyondtech PureOptics Cable Series","BTPSCUSCU-0DDF-3M1P","B00IXP4HG2","BTPSCUSCU-0DDF-3M1P","X00110ID3H","150","","","","","","","","","","","","","",""
"BTPSCUSTU-0DDF-3M1P-150MB","B00IXP5GPS","BTPSCUSTU-0DDF-3M1P","O4-KM85-Y33Z","X000KI1LNN","SC to ST Fiber Patch Cable Single Mode Duplex - 3m (9.84ft) - 9/125um OS1 / - Beyondtech PureOptics Cable Series","BTPSCUSTU-0DDF-3M1P","B00IXP5GPS","BTPSCUSTU-0DDF-3M1P","X001185DQJ","150","","","","","","","","","","","","","",""
"BTPSTUSTU-0DDF-3M1P-150MB","B00NFZ4T04","BTPSTUSTU-0DDF-3M1P","R6-RHZ8-U6DH","X000NGRMA3","ST to ST Fiber Patch Cable Single Mode Duplex - 3m (9.84ft) - 9/125um OS1 / - Beyondtech PureOptics Cable Series","BTPSTUSTU-0DDF-3M1P","B00NFZ4T04","BTPSTUSTU-0DDF-3M1P","X00110ID2D","150","","","","","","","","","","","","","",""
"BTPLCULCU-0DDF-1M1P-150MB","B00NFZ86NU","BTPLCULCU-0DDF-1M1P","CT-0T6U-B7MU","X000NHQDQV","LC to LC Fiber Patch Cable Single Mode Duplex - 1m (3.28ft) - 9/125um OS1 / - Beyondtech PureOptics Cable Series","BTPLCULCU-0DDF-1M1P","X000WG43ZX","BTPLCULCU-0DDF-1M1P","X000WUMYHX","150","","","","","","","","","","","","","",""
"BTPLCUSCU-0DDF-1M1P-150MB","B00NFZ9SHS","BTPLCUSCU-0DDF-1M1P","0B-J3D6-4TOS","X000NHQDRZ","LC to SC Fiber Patch Cable Single Mode Duplex - 1m (3.28ft) - 9/125um OS1 / - Beyondtech PureOptics Cable Series","BTPLCUSCU-0DDF-1M1P","X000WNKUSF","BTPLCUSCU-0DDF-1M1P","X000WWIX0D","150","","","","","","","","","","","","","",""
"BTPLCUSTU-0DDF-1M1P-150MB","B00NFZBK0G","BTPLCUSTU-0DDF-1M1P","JP-Q9R5-FV70","X000NGRYJR","LC to ST Fiber Patch Cable Single Mode Duplex - 1m (3.28ft) - 9/125um OS1 / - Beyondtech PureOptics Cable Series","BTPLCUSTU-0DDF-1M1P","X000WG43ZN","BTPLCUSTU-0DDF-1M1P","X000WNINQ1","150","","","","","","","","","","","","","",""
"BTPSCUSCU-0DDF-1M1P-150MB","B00NFZDBD0","BTPSCUSCU-0DDF-1M1P","R3-DSEA-AKFS","X000NHQ3RF","SC to SC Fiber Patch Cable Single Mode Duplex - 1m (3.28ft) - 9/125um OS1 / - Beyondtech PureOptics Cable Series","BTPSCUSCU-0DDF-1M1P","X000WNKV0R","BTPSCUSCU-0DDF-1M1P","X000WUMY37","150","","","","","","","","","","","","","",""
"BTPSCUSTU-0DDF-1M1P-150MB","B00NFZF00W","BTPSCUSTU-0DDF-1M1P","FR-KOND-NHQC","X000NHQ3RZ","SC to ST Fiber Patch Cable Single Mode Duplex - 1m (3.28ft) - 9/125um OS1 / - Beyondtech PureOptics Cable Series","BTPSCUSTU-0DDF-1M1P","X000WNKUTT","BTPSCUSTU-0DDF-1M1P","X000WNL8VN","150","","","","","","","","","","","","","",""
"BTPSTUSTU-0DDF-1M1P-150MB","B00NFZH9M4","BTPSTUSTU-0DDF-1M1P","GY-D99R-6SYY","X000NHQ3RP","ST to ST Fiber Patch Cable Single Mode Duplex - 1m (3.28ft) - 9/125um OS1 / - Beyondtech PureOptics Cable Series","BTPSTUSTU-0DDF-1M1P","B00NFZH9M4","BTPSTUSTU-0DDF-1M1P","X001185DQT","150","","","","","","","","","","","","","",""
"BTPLCULCU-0DDF-2M1P-150MB","B00T56MJGS","BTPLCULCU-0DDF-2M1P","0L-Z7OY-RTC1","X000Q5UE6P","LC to LC Fiber Patch Cable Single Mode Duplex - 2m (6.56ft) - 9/125um OS1 / - Beyondtech PureOptics Cable Series","BTPLCULCU-0DDF-2M1P","X000WNKWBP","BTPLCULCU-0DDF-2M1P","X000WNINQB","150","","","","","","","","","","","","","",""
"BTPLCUSCU-0DDF-2M1P-150MB","B00T56O5V0","BTPLCUSCU-0DDF-2M1P","0I-8W96-87EC","X000Q5WXSR","LC to SC Fiber Patch Cable Single Mode Duplex - 2m (6.56ft) - 9/125um OS1 / - Beyondtech PureOptics Cable Series","BTPLCUSCU-0DDF-2M1P","X000WNKWD3","BTPLCUSCU-0DDF-2M1P","X000WNINQL","150","","","","","","","","","","","","","",""
"BTPLCUSTU-0DDF-2M1P-150MB","B00T56PVPO","BTPLCUSTU-0DDF-2M1P","OJ-E8ID-4VX9","X000Q5WXSH","LC to ST Fiber Patch Cable Single Mode Duplex - 2m (6.56ft) - 9/125um OS1 / - Beyondtech PureOptics Cable Series","BTPLCUSTU-0DDF-2M1P","B00T56PVPO","BTPLCUSTU-0DDF-2M1P","X00115KC27","150","","","","","","","","","","","","","",""
"BTPSCUSCU-0DDF-2M1P-150MB","B00T572T7Q","BTPSCUSCU-0DDF-2M1P","86-URAN-PQG9","X000Q5V2CZ","SC to SC Fiber Patch Cable Single Mode Duplex - 2m (6.56ft) - 9/125um OS1 / - Beyondtech PureOptics Cable Series","BTPSCUSCU-0DDF-2M1P","X000WG43YT","BTPSCUSCU-0DDF-2M1P","X000WRA4LJ","150","","","","","","","","","","","","","",""
"BTPSCUSTU-0DDF-2M1P-150MB","B00T574UGO","BTPSCUSTU-0DDF-2M1P","92-77XT-M7VQ","X000Q5V4OB","SC to ST Fiber Patch Cable Single Mode Duplex - 2m (6.56ft) - 9/125um OS1 / - Beyondtech PureOptics Cable Series","BTPSCUSTU-0DDF-2M1P","B00T574UGO","BTPSCUSTU-0DDF-2M1P","X00110IHJ7","150","","","","","","","","","","","","","",""
"BTPSTUSTU-0DDF-2M1P-150MB","B00T577K8E","BTPSTUSTU-0DDF-2M1P","04-T5RP-1RNH","X000Q5V7I9","ST to ST Fiber Patch Cable Single Mode Duplex - 2m (6.56ft) - 9/125um OS1 / - Beyondtech PureOptics Cable Series","BTPSTUSTU-0DDF-2M1P","B00T577K8E","BTPSTUSTU-0DDF-2M1P","X00115KITT","150","","","","","","","","","","","","","",""
"BTPSCASCA-0DDF-2M1P-150MB","B01M29K5ZN","BTPSCASCA-0DDF-2M1P","BT-FOAPCPCDU-SCSC-6FT1P","X0018PR44H","SC to SC Fiber Patch Cable Single Mode Duplex - 2m (6.56ft) - 9/125um OS1 / - Beyondtech PureOptics Cable Series","BTPSCASCA-0DDF-2M1P","X000WRCF4X","BTPSCASCA-0DDF-2M1P","X000X7QN9Z","150","","","","","","","","","","","","","",""
"BTPLCALCA-0DDF-2M1P-150MB","B01M327A75","BTPLCALCA-0DDF-2M1P","BT-FOAPCPCDU-LCLC-6FT1P","X0018RSJZD","LC to LC Fiber Patch Cable Single Mode Duplex - 2m (6.56ft) - 9/125um OS1 / - Beyondtech PureOptics Cable Series","BTPLCALCA-0DDF-2M1P","X000WNKW47","BTPLCALCA-0DDF-2M1P","X000WRA1KN","150","","","","","","","","","","","","","",""
"BTPSCASCA-0DDF-3M1P-150MB","B01M327AON","BTPSCASCA-0DDF-3M1P","BT-FOAPCPCDU-SCSC-9FT1P","X0018ZMNYX","SC to SC Fiber Patch Cable Single Mode Duplex - 3m (9.84ft) - 9/125um OS1 / - Beyondtech PureOptics Cable Series","BTPSCASCA-0DDF-3M1P","B01M327AON","BTPSCASCA-0DDF-3M1P","X00115KISF","150","","","","","","","","","","","","","",""
"BTPSCAFCA-0DDF-2M1P-150MB","B01M5GBFWK","BTPSCAFCA-0DDF-2M1P","BT-FOAPCPCDU-SCFC-6FT1P","X0018Q3TIL","SC to FC Fiber Patch Cable Single Mode Duplex - 2m (6.56ft) - 9/125um OS1 / - Beyondtech PureOptics Cable Series","BTPSCAFCA-0DDF-2M1P","B01M5GBFWK","BTPSCAFCA-0DDF-2M1P","X00115KC81","150","","","","","","","","","","","","","",""
"BTPLCALCA-0DDF-1M1P-150MB","B01M5GBHA4","BTPLCALCA-0DDF-1M1P","BT-FOAPCPCDU-LCLC-3FT1P","X0018ZOO8L","LC to LC Fiber Patch Cable Single Mode Duplex - 1m (3.28ft) - 9/125um OS1 / - Beyondtech PureOptics Cable Series","BTPLCALCA-0DDF-1M1P","X000WNKW4R","BTPLCALCA-0DDF-1M1P","X000WWJ8YX","150","","","","","","","","","","","","","",""
"BTPSCAFCA-0DDF-1M1P-150MB","B01M7UN955","BTPSCAFCA-0DDF-1M1P","BT-FOAPCPCDU-SCFC-3FT1P","X0018RSJYT","SC to FC Fiber Patch Cable Single Mode Duplex - 1m (3.28ft) - 9/125um OS1 / - Beyondtech PureOptics Cable Series","BTPSCAFCA-0DDF-1M1P","B01M7UN955","BTPSCAFCA-0DDF-1M1P","X00111ZDNJ","150","","","","","","","","","","","","","",""
"BTPSCASCA-0DDF-1M1P-150MB","B01M8NA675","BTPSCASCA-0DDF-1M1P","BT-FOAPCPCDU-SCSC-3FT1P","X0018ZONRX","SC to SC Fiber Patch Cable Single Mode Duplex - 1m (3.28ft) - 9/125um OS1 / - Beyondtech PureOptics Cable Series","BTPSCASCA-0DDF-1M1P","X000WUPC6D","BTPSCASCA-0DDF-1M1P","X000WNIQC7","150","","","","","","","","","","","","","",""
"BTPSCAFCA-0DDF-3M1P-150MB","B01M8NB2WT","BTPSCAFCA-0DDF-3M1P","BT-FOAPCPCDU-SCFC-9FT1P","X0018ZONRN","SC to FC Fiber Patch Cable Single Mode Duplex - 3m (9.84ft) - 9/125um OS1 / - Beyondtech PureOptics Cable Series","BTPSCAFCA-0DDF-3M1P","B01M8NB2WT","BTPSCAFCA-0DDF-3M1P","X00115KIX5","150","","","","","","","","","","","","","",""
"BTPLCALCA-0DDF-3M1P-150MB","B01MFCEPV2","BTPLCALCA-0DDF-3M1P","BT-FOAPCPCDU-LCLC-9FT1P","X0018ZOKUN","LC to LC Fiber Patch Cable Single Mode Duplex - 3m (9.84ft) - 9/125um OS1 / - Beyondtech PureOptics Cable Series","BTPLCALCA-0DDF-3M1P","X000WG4407","BTPLCALCA-0DDF-3M1P","X000WUMY69","150","","","","","","","","","","","","","",""
"BTPLCUFCU-0DDF-3M1P-150MB","B01MUDXOF5","BTPLCUFCU-0DDF-3M1P","BT-FOOS1PC-FCLC-9FT1P","X001D65QHN","LC to FC Fiber Patch Cable Single Mode Duplex - 3m (9.84ft) - 9/125um OS1 / - Beyondtech PureOptics Cable Series","","","BTPLCUFCU-0DC-3M1P","X000N3MZXR","150","","","","","","","","","","","","","",""
"BTPFCUFCU-0DDF-3M1P-150MB","B01NBY14CJ","BTPFCUFCU-0DDF-3M1P","BT-FOOS1PC-FCFC-9FT1P","X001D65QHX","FC to FC Fiber Patch Cable Single Mode Duplex - 3m (9.84ft) - 9/125um OS1 / - Beyondtech PureOptics Cable Series","","","BTPFCUFCU-0DC-3M1P","X000N4UVJV","150","","","","","","","","","","","","","",""
"BTPSCASCA-0SIB-3M1P-150MB","B087H29K4F","BTPSCASCA-0SIB-3M1P","BTPSCASCA-0SIB-3M1P","X002IEAC41","SC/APC to SC/APC Fiber Patch Cable Single Mode Simplex - 3m (9.84ft) - 9/125um OS1 / 2.0mm LSZH (1 Pack) - Beyondtech PureOptics Cable Series","","","","","150","","","","","","","","","","","","","",""
"BTPSCASCA-0SIB-1M1P-150MB","B087H2LHG8","BTPSCASCA-0SIB-1M1P","BTPSCASCA-0SIB-1M1P","X002IEAC55","SC/APC to SC/APC Fiber Patch Cable Single Mode Simplex - 1m (3.28ft) - 9/125um OS1 / 2.0mm LSZH (1 Pack) - Beyondtech PureOptics Cable Series","","","","","150","","","","","","","","","","","","","",""
"BTPSCASCA-0SIB-2M1P-150MB","B087H4GMWW","BTPSCASCA-0SIB-2M1P","BTPSCASCA-0SIB-2M1P","X002IDKL6V","SC/APC to SC/APC Fiber Patch Cable Single Mode Simplex - 2m (6.56ft) - 9/125um OS1 / 2.0mm LSZH (1 Pack) - Beyondtech PureOptics Cable Series","","","","","150","","","","","","","","","","","","","",""
"BTPSCASCA-0SIC-2M1P-150MB","B0886K9BZ5","BTPSCASCA-0SIC-2M1P","BTPSCASCA-0SIC-2M1P","X002IPNW15","SC/APC to SC/APC Fiber Patch Cable Single Mode Simplex - 2m (6.56ft) - 9/125um OS1 / 3.0mm LSZH (1 Pack) - Beyondtech PureOptics Cable Series","","","","","150","","","","","","","","","","","","","",""
"BTPLCUSCA-0SIC-5M1P-150MB","B0886KQ3SJ","BTPLCUSCA-0SIC-5M1P","BTPLCUSCA-0SIC-5M1P","X002IPUP4H","LC/UPC to SC/APC Fiber Patch Cable Single Mode Simplex - 5m (16.4ft) - 9/125um OS1 / 3.0mm LSZH (1 Pack) - Beyondtech PureOptics Cable Series","","","","","150","","","","","","","","","","","","","",""
"BTPSCASCA-0SIC-5M1P-150MB","B0886L133C","BTPSCASCA-0SIC-5M1P","BTPSCASCA-0SIC-5M1P","X002IPUL5Z","SC/APC to SC/APC Fiber Patch Cable Single Mode Simplex - 5m (16.4ft) - 9/125um OS1 / 3.0mm LSZH (1 Pack) - Beyondtech PureOptics Cable Series","","","","","150","","","","","","","","","","","","","",""
"BTPSCASCA-0SIC-10M1P-150MB","B0886L32KR","BTPSCASCA-0SIC-10M1P","BTPSCASCA-0SIC-10M1P","X002IPNW0L","SC/APC to SC/APC Fiber Patch Cable Single Mode Simplex - 10m (32.8ft) - 9/125um OS1 / 3.0mm LSZH (1 Pack) - Beyondtech PureOptics Cable Series","","","","","150","","","","","","","","","","","","","",""
"BTPSCASCA-0SIC-3M1P-150MB","B0886LLMSM","BTPSCASCA-0SIC-3M1P","BTPSCASCA-0SIC-3M1P","X002IPUL6T","SC/APC to SC/APC Fiber Patch Cable Single Mode Simplex - 3m (9.84ft) - 9/125um OS1 / 3.0mm LSZH (1 Pack) - Beyondtech PureOptics Cable Series","","","","","150","","","","","","","","","","","","","",""
"BTPSCASCA-0SIC-1M1P-150MB","B0886M28V5","BTPSCASCA-0SIC-1M1P","BTPSCASCA-0SIC-1M1P","X002IPL41P","SC/APC to SC/APC Fiber Patch Cable Single Mode Simplex - 1m (3.28ft) - 9/125um OS1 / 3.0mm LSZH (1 Pack) - Beyondtech PureOptics Cable Series","","","","","150","","","","","","","","","","","","","",""
"BTPLCUSCA-0SIC-1M1P-150MB","B088748486","BTPLCUSCA-0SIC-1M1P","BTPLCUSCA-0SIC-1M1P","X002IPVD1V","LC/UPC to SC/APC Fiber Patch Cable Single Mode Simplex - 1m (3.28ft) - 9/125um OS1 / 3.0mm LSZH (1 Pack) - Beyondtech PureOptics Cable Series","","","","","150","","","","","","","","","","","","","",""
"BTPLCUSCA-0SIC-3M1P-150MB","B08876ZC9K","BTPLCUSCA-0SIC-3M1P","BTPLCUSCA-0SIC-3M1P","X002IPUP4R","LC/UPC to SC/APC Fiber Patch Cable Single Mode Simplex - 3m (9.84ft) - 9/125um OS1 / 3.0mm LSZH (1 Pack) - Beyondtech PureOptics Cable Series","","","","","150","","","","","","","","","","","","","",""
"BTPLCULCU-0DDF-5M1P-120MB","B00T7ZGJY0","BTPLCULCU-0DDF-5M1P","LR-SUOK-VTRO","X000Q719UX","LC to LC Fiber Patch Cable Single Mode Duplex - 5m (16.4ft) - 9/125um OS1 / - Beyondtech PureOptics Cable Series","BTPLCULCU-0DDF-5M1P","B00T7ZGJY0","BTPLCULCU-0DDF-5M1P","X00115KIWV","120","","","","","","","","","","","","","",""
"BTPLCUSCU-0DDF-5M1P-120MB","B00T7ZLDVO","BTPLCUSCU-0DDF-5M1P","GK-6XLR-0J4P","X000Q71DZ9","LC to SC Fiber Patch Cable Single Mode Duplex - 5m (16.4ft) - 9/125um OS1 / - Beyondtech PureOptics Cable Series","BTPLCUSCU-0DDF-5M1P","X000WNKW5V","BTPLCUSCU-0DDF-5M1P","X000X7Q4ET","120","","","","","","","","","","","","","",""
"BTPLCUSTU-0DDF-5M1P-120MB","B00T7ZNB8M","BTPLCUSTU-0DDF-5M1P","R3-P79J-AQCE","X000Q71FRZ","LC to ST Fiber Patch Cable Single Mode Duplex - 5m (16.4ft) - 9/125um OS1 / - Beyondtech PureOptics Cable Series","BTPLCUSTU-0DDF-5M1P","X000WNKV0H","BTPLCUSTU-0DDF-5M1P","X000X7QE7B","120","","","","","","","","","","","","","",""
"BTPSCUSCU-0DDF-5M1P-120MB","B00T7ZQXF0","BTPSCUSCU-0DDF-5M1P","7Z-6JPW-MINC","X000Q71KNT","SC to SC Fiber Patch Cable Single Mode Duplex - 5m (16.4ft) - 9/125um OS1 / - Beyondtech PureOptics Cable Series","BTPSCUSCU-0DDF-5M1P","B00T7ZQXF0","BTPSCUSCU-0DDF-5M1P","X00116QCDT","120","","","","","","","","","","","","","",""
"BTPSCUSTU-0DDF-5M1P-120MB","B00T7ZYMTE","BTPSCUSTU-0DDF-5M1P","9G-KUYV-SNP3","X000Q71Q51","SC to ST Fiber Patch Cable Single Mode Duplex - 5m (16.4ft) - 9/125um OS1 / - Beyondtech PureOptics Cable Series","BTPSCUSTU-0DDF-5M1P","B00T7ZYMTE","BTPSCUSTU-0DDF-5M1P","X00110ICWT","120","","","","","","","","","","","","","",""
"BTPSTUSTU-0DDF-5M1P-120MB","B00T801UR0","BTPSTUSTU-0DDF-5M1P","96-9ENX-5TVY","X000Q71SJ5","ST to ST Fiber Patch Cable Single Mode Duplex - 5m (16.4ft) - 9/125um OS1 / - Beyondtech PureOptics Cable Series","BTPSTUSTU-0DDF-5M1P","B00T801UR0","BTPSTUSTU-0DDF-5M1P","X00110IHPB","120","","","","","","","","","","","","","",""
"BTPLCALCA-0DDF-5M1P-120MB","B01M327AOR","BTPLCALCA-0DDF-5M1P","BT-FOAPCPCDU-LCLC-16FT1P","X0018ZMNZ7","LC to LC Fiber Patch Cable Single Mode Duplex - 5m (16.4ft) - 9/125um OS1 / - Beyondtech PureOptics Cable Series","BTPLCALCA-0DDF-5M1P","X000WNKUTJ","BTPLCALCA-0DDF-5M1P","X000X7Q4E9","120","","","","","","","","","","","","","",""
"BTPSCASCA-0DDF-5M1P-120MB","B01M7UN8TA","BTPSCASCA-0DDF-5M1P","BT-FOAPCPCDU-SCSC-16FT1P","X0018ZOKUD","SC to SC Fiber Patch Cable Single Mode Duplex - 5m (16.4ft) - 9/125um OS1 / - Beyondtech PureOptics Cable Series","BTPSCASCA-0DDF-5M1P","B01M7UN8TA","BTPSCASCA-0DDF-5M1P","X00115KIVR","120","","","","","","","","","","","","","",""
"BTPSCAFCA-0DDF-5M1P-120MB","B01MDR8IB6","BTPSCAFCA-0DDF-5M1P","BT-FOAPCPCDU-SCFC-16FT1P","X0018PR44R","SC to FC Fiber Patch Cable Single Mode Duplex - 5m (16.4ft) - 9/125um OS1 / - Beyondtech PureOptics Cable Series","BTPSCAFCA-0DDF-5M1P","B01MDR8IB6","BTPSCAFCA-0DDF-5M1P","X001185DF5","120","","","","","","","","","","","","","",""
"BTPFCUFCU-0DDF-5M1P-120MB","B01N376CCE","BTPFCUFCU-0DDF-5M1P","BT-FOOS1PC-FCFC-16FT1P","X001DB2FWH","FC to FC Fiber Patch Cable Single Mode Duplex - 5m (16.4ft) - 9/125um OS1 / - Beyondtech PureOptics Cable Series","","","BTPFCUFCU-0DC-5M1P","X000N4IGNJ","120","","","","","","","","","","","","","",""
"BTPLCUFCU-0DDF-5M1P-120MB","B01N4R9NHI","BTPLCUFCU-0DDF-5M1P","BT-FOOS1PC-FCLC-16FT1P","X001DB3N9V","LC to FC Fiber Patch Cable Single Mode Duplex - 5m (16.4ft) - 9/125um OS1 / - Beyondtech PureOptics Cable Series","","","BTPLCUFCU-0DC-5M1P","X000N40NOT","120","","","","","","","","","","","","","",""
"BTPLCULCU-0DDF-8M1P-100MB","B01MYBHUH7","BTPLCULCU-0DDF-8M1P","BT-FOOS1PC-LCLC-26FT1P","X001DB2FCR","LC to LC Fiber Patch Cable Single Mode Duplex - 8m (26.24ft) - 9/125um OS1 / - Beyondtech PureOptics Cable Series","","","BTPLCULCU-0DC-5M1P","X000N4UN4T","100","","","","","","","","","","","","","",""
"BTPSCUSCU-0DDF-8M1P-100MB","B01MYBII3Q","BTPSCUSCU-0DDF-8M1P","BT-FOOS1PC-SCSC-26FT1P","X001DB4D3B","SC to SC Fiber Patch Cable Single Mode Duplex - 8m (26.24ft) - 9/125um OS1 / - Beyondtech PureOptics Cable Series","","","BTPSCUSCU-0DC-5M1P","X000N4IHBF","100","","","","","","","","","","","","","",""
"BTPSCUSTU-0DDF-8M1P-100MB","B01N376BWO","BTPSCUSTU-0DDF-8M1P","BT-FOOS1PC-SCST-26FT1P","X001D81P9T","SC to ST Fiber Patch Cable Single Mode Duplex - 8m (26.24ft) - 9/125um OS1 / - Beyondtech PureOptics Cable Series","","","BTPSCUSTU-0DC-5M1P","X000N3MZY1","100","","","","","","","","","","","","","",""
"BTPLCUSCU-0DDF-8M1P-100MB","B01N9UZL0D","BTPLCUSCU-0DDF-8M1P","BT-FOOS1PC-LCSC-26FT1P","X001D4VB0L","LC to SC Fiber Patch Cable Single Mode Duplex - 8m (26.24ft) - 9/125um OS1 / - Beyondtech PureOptics Cable Series","","","BTPLCUSCU-0DC-5M1P","X000N4UN67","100","","","","","","","","","","","","","",""
"BTPSTUSTU-0DDF-8M1P-100MB","B01NBY17X1","BTPSTUSTU-0DDF-8M1P","BT-FOOS1PC-STST-26FT1P","X001DB4D2R","ST to ST Fiber Patch Cable Single Mode Duplex - 8m (26.24ft) - 9/125um OS1 / - Beyondtech PureOptics Cable Series","","","BTPSTUSTU-0DC-5M1P","X000N8ABFV","100","","","","","","","","","","","","","",""
"BTPLCUSTU-0DDF-8M1P-100MB","B06XWDNHXD","BTPLCUSTU-0DDF-8M1P","BT-FOOS1PC-LCST-26FT1P","X001D65QIR","LC to ST Fiber Patch Cable Single Mode Duplex - 8m (26.24ft) - 9/125um OS1 / - Beyondtech PureOptics Cable Series","BTPLCUSTU-0DDF-8M1P","B06XWDNHXD","BTPLCUSTU-0DDF-8M1P","X00116QCDJ","100","","","","","","","","","","","","","",""
"BTPLCULCU-0DDF-1M2P-100MB","B07GV221KT","BTPLCULCU-0DDF-1M2P","BTPLCULCU-0DDF-1M2P","X001VJLWT3","LC to LC Fiber Patch Cable Single Mode Duplex - 1m (3.28ft) - 9/125um OS1 (2 Pack) - Beyondtech PureOptics Cable Series","BTPLCULCU-0DDF-1M2P","X000YATNW5","BTPLCULCU-0DDF-1M2P","X000Y0OZQJ","100","","","","","","","","","","","","","",""
"BTPSTUSTU-0DDF-2M2P-100MB","B07GVMWN47","BTPSTUSTU-0DDF-2M2P","BTPSTUSTU-0DDF-2M2P","X001VK92IP","ST to ST Fiber Patch Cable Single Mode Duplex - 2m (6.56ft) - 9/125um OS1 (2 Pack) - Beyondtech PureOptics Cable Series","BTPSTUSTU-0DDF-2M2P","B07GVMWN47","BTPSTUSTU-0DDF-2M2P","X00113ON1F","100","","","","","","","","","","","","","",""
"BTPSCUSCU-0DDF-3M2P-100MB","B07GVN17HJ","BTPSCUSCU-0DDF-3M2P","BTPSCUSCU-0DDF-3M2P","X001VK92P3","SC to SC Fiber Patch Cable Single Mode Duplex - 3m (9.84ft) - 9/125um OS1 (2 Pack) - Beyondtech PureOptics Cable Series","BTPSCUSCU-0DDF-3M2P","B07GVN17HJ","BTPSCUSCU-0DDF-3M2P","X001185DOL","100","","","","","","","","","","","","","",""
"BTPLCUSCU-0DDF-2M2P-100MB","B07GVN1H1D","BTPLCUSCU-0DDF-2M2P","BTPLCUSCU-0DDF-2M2P","X001VKGGPR","LC to SC Fiber Patch Cable Single Mode Duplex - 2m (6.56ft) - 9/125um OS1 (2 Pack) - Beyondtech PureOptics Cable Series","BTPLCUSCU-0DDF-2M2P","X000Y6WRWR","BTPLCUSCU-0DDF-2M2P","X000Y0OZRN","100","","","","","","","","","","","","","",""
"BTPLCUSTU-0DDF-3M2P-100MB","B07GVNJ2YR","BTPLCUSTU-0DDF-3M2P","BTPLCUSTU-0DDF-3M2P","X001VKGGON","LC to ST Fiber Patch Cable Single Mode Duplex - 3m (9.84ft) - 9/125um OS1 (2 Pack) - Beyondtech PureOptics Cable Series","BTPLCUSTU-0DDF-3M2P","B07GVNJ2YR","BTPLCUSTU-0DDF-3M2P","X0011856HF","100","","","","","","","","","","","","","",""
"BTPLCULCU-0DDF-2M2P-100MB","B07GVNQKF8","BTPLCULCU-0DDF-2M2P","BTPLCULCU-0DDF-2M2P","X001VKGSD7","LC to LC Fiber Patch Cable Single Mode Duplex - 2m (6.56ft) - 9/125um OS1 (2 Pack) - Beyondtech PureOptics Cable Series","BTPLCULCU-0DDF-2M2P","X000YATJ0L","BTPLCULCU-0DDF-2M2P","X000Y1GFPR","100","","","","","","","","","","","","","",""
"BTPSTUSTU-0DDF-3M2P-100MB","B07GVNRLXD","BTPSTUSTU-0DDF-3M2P","BTPSTUSTU-0DDF-3M2P","X001VKFF2H","ST to ST Fiber Patch Cable Single Mode Duplex - 3m (9.84ft) - 9/125um OS1 (2 Pack) - Beyondtech PureOptics Cable Series","BTPSTUSTU-0DDF-3M2P","B07GVNRLXD","BTPSTUSTU-0DDF-3M2P","X00116QCKH","100","","","","","","","","","","","","","",""
"BTPSCUSCU-0DDF-1M2P-100MB","B07GVNXHFN","BTPSCUSCU-0DDF-1M2P","BTPSCUSCU-0DDF-1M2P","X001VK92BR","SC to SC Fiber Patch Cable Single Mode Duplex - 1m (3.28ft) - 9/125um OS1 (2 Pack) - Beyondtech PureOptics Cable Series","BTPSCUSCU-0DDF-1M2P","B07GVNXHFN","BTPSCUSCU-0DDF-1M2P","X00110ID4B","100","","","","","","","","","","","","","",""
"BTPSCUSTU-0DDF-2M2P-100MB","B07GVP1SDB","BTPSCUSTU-0DDF-2M2P","BTPSCUSTU-0DDF-2M2P","X001VK92GR","SC to ST Fiber Patch Cable Single Mode Duplex - 2m (6.56ft) - 9/125um OS1 (2 Pack) - Beyondtech PureOptics Cable Series","BTPSCUSTU-0DDF-2M2P","B07GVP1SDB","BTPSCUSTU-0DDF-2M2P","X00110IHH9","100","","","","","","","","","","","","","",""
"BTPSCUSCU-0DDF-2M2P-100MB","B07GVP26M3","BTPSCUSCU-0DDF-2M2P","BTPSCUSCU-0DDF-2M2P","X001VKFFSB","SC to SC Fiber Patch Cable Single Mode Duplex - 2m (6.56ft) - 9/125um OS1 (2 Pack) - Beyondtech PureOptics Cable Series","BTPSCUSCU-0DDF-2M2P","B07GVP26M3","BTPSCUSCU-0DDF-2M2P","X001185DNH","100","","","","","","","","","","","","","",""
"BTPSTUSTU-0DDF-1M2P-100MB","B07GVP3626","BTPSTUSTU-0DDF-1M2P","BTPSTUSTU-0DDF-1M2P","X001VKDGSH","ST to ST Fiber Patch Cable Single Mode Duplex - 1m (3.28ft) - 9/125um OS1 (2 Pack) - Beyondtech PureOptics Cable Series","BTPSTUSTU-0DDF-1M2P","B07GVP3626","BTPSTUSTU-0DDF-1M2P","X00111ZDJX","100","","","","","","","","","","","","","",""
"BTPLCUSTU-0DDF-1M2P-100MB","B07GVP4DXY","BTPLCUSTU-0DDF-1M2P","BTPLCUSTU-0DDF-1M2P","X001VK92NP","LC to ST Fiber Patch Cable Single Mode Duplex - 1m (3.28ft) - 9/125um OS1 (2 Pack) - Beyondtech PureOptics Cable Series","BTPLCUSTU-0DDF-1M2P","B07GVP4DXY","BTPLCUSTU-0DDF-1M2P","X001185DLT","100","","","","","","","","","","","","","",""
"BTPLCUSTU-0DDF-2M2P-100MB","B07GVP6WC6","BTPLCUSTU-0DDF-2M2P","BTPLCUSTU-0DDF-2M2P","X001VKFAG3","LC to ST Fiber Patch Cable Single Mode Duplex - 2m (6.56ft) - 9/125um OS1 (2 Pack) - Beyondtech PureOptics Cable Series","BTPLCUSTU-0DDF-2M2P","B07GVP6WC6","BTPLCUSTU-0DDF-2M2P","X00118565R","100","","","","","","","","","","","","","",""
"BTPLCUSCU-0DDF-3M2P-100MB","B07GVPGQMD","BTPLCUSCU-0DDF-3M2P","BTPLCUSCU-0DDF-3M2P","X001VK91FT","LC to SC Fiber Patch Cable Single Mode Duplex - 3m (9.84ft) - 9/125um OS1 (2 Pack) - Beyondtech PureOptics Cable Series","BTPLCUSCU-0DDF-3M2P","B07GVPGQMD","BTPLCUSCU-0DDF-3M2P","X00111ZDM5","100","","","","","","","","","","","","","",""
"BTPSCUSTU-0DDF-1M2P-100MB","B07GVPLGJX","BTPSCUSTU-0DDF-1M2P","BTPSCUSTU-0DDF-1M2P","X001VKFAF9","SC to ST Fiber Patch Cable Single Mode Duplex - 1m (3.28ft) - 9/125um OS1 (2 Pack) - Beyondtech PureOptics Cable Series","BTPSCUSTU-0DDF-1M2P","B07GVPLGJX","BTPSCUSTU-0DDF-1M2P","X001185661","100","","","","","","","","","","","","","",""
"BTPLCULCU-0DDF-3M2P-100MB","B07GVQFMTD","BTPLCULCU-0DDF-3M2P","BTPLCULCU-0DDF-3M2P","X001VKFAHR","LC to LC Fiber Patch Cable Single Mode Duplex - 3m (9.84ft) - 9/125um OS1 (2 Pack) - Beyondtech PureOptics Cable Series","BTPLCULCU-0DDF-3M2P","X000Y6X9ND","BTPLCULCU-0DDF-3M2P","X000Y1FZQ7","100","","","","","","","","","","","","","",""
"BTPLCUSCU-0DDF-1M2P-100MB","B07GVQL28X","BTPLCUSCU-0DDF-1M2P","BTPLCUSCU-0DDF-1M2P","X001VKGGOX","LC to SC Fiber Patch Cable Single Mode Duplex - 1m (3.28ft) - 9/125um OS1 (2 Pack) - Beyondtech PureOptics Cable Series","BTPLCUSCU-0DDF-1M2P","X000Y6XMQH","BTPLCUSCU-0DDF-1M2P","X000Y0O4QP","100","","","","","","","","","","","","","",""
"BTPSCUSTU-0DDF-3M2P-100MB","B07GVQX62Y","BTPSCUSTU-0DDF-3M2P","BTPSCUSTU-0DDF-3M2P","X001VKRILN","SC to ST Fiber Patch Cable Single Mode Duplex - 3m (9.84ft) - 9/125um OS1 (2 Pack) - Beyondtech PureOptics Cable Series","BTPSCUSTU-0DDF-3M2P","B07GVQX62Y","BTPSCUSTU-0DDF-3M2P","X00116QCEX","100","","","","","","","","","","","","","",""
"","B01MR9A5Y8","BTPLCUSCU-0DDF-25M1P","BT-FOOS1PC-LCSC-82FT1P","X001DB3TGN","LC to SC Fiber Patch Cable Single Mode Duplex - 25m (82ft) - 9/125um OS1 / - Beyondtech PureOptics Cable Series","","","BTPLCUSCU-0DC-20M1P","X000N4IGP7","","","","","","","","","","","","","","",""
"","B01MSAP2EB","BTPLCULCU-0DDF-25M1P","BT-FOOS1PC-LCLC-82FT1P","X001DB3N9B","LC to LC Fiber Patch Cable Single Mode Duplex - 25m (82ft) - 9/125um OS1 / - Beyondtech PureOptics Cable Series","","","BTPLCULCU-0DC-20M1P","X000N40NOJ","","","","","","","","","","","","","","",""
"","B01MUDXODD","BTPSCUSCU-0DDF-25M1P","BT-FOOS1PC-SCSC-82FT1P","X001DB4Q9H","SC to SC Fiber Patch Cable Single Mode Duplex - 25m (82ft) - 9/125um OS1 / - Beyondtech PureOptics Cable Series","","","BTPSCUSCU-0DC-20M1P","X000N4G2PN","","","","","","","","","","","","","","",""
"","B01MZD2KNF","BTPSCUSTU-0DDF-25M1P","BT-FOOS1PC-SCST-82FT1P","X001D65QHD","SC to ST Fiber Patch Cable Single Mode Duplex - 25m (82ft) - 9/125um OS1 / - Beyondtech PureOptics Cable Series","","","BTPSCUSTU-0DC-20M1P","X000N8ABGF","","","","","","","","","","","","","","",""
"","B01N5SKNON","BTPSTUSTU-0DDF-25M1P","BT-FOOS1PC-STST-82FT1P","X001DB4D27","ST to ST Fiber Patch Cable Single Mode Duplex - 25m (82ft) - 9/125um OS1 / - Beyondtech PureOptics Cable Series","","","BTPSTUSTU-0DC-20M1P","X000N4UVJL","","","","","","","","","","","","","","",""
"","B01N7VH982","BTPLCUSTU-0DDF-25M1P","BT-FOOS1PC-LCST-82FT1P","X001DB3N9L","LC to ST Fiber Patch Cable Single Mode Duplex - 25m (82ft) - 9/125um OS1 / - Beyondtech PureOptics Cable Series","","","BTPLCUSTU-0DC-20M1P","X000N4IFWB","","","","","","","","","","","","","","",""
"","B07GVMYVW2","BTPLCUSCU-0DDF-5M2P","BTPLCUSCU-0DDF-5M2P","X001VKF1H1","LC to SC Fiber Patch Cable Single Mode Duplex - 5m (16.4ft) - 9/125um OS1 (2 Pack) - Beyondtech PureOptics Cable Series","BTPLCUSCU-0DDF-5M2P","B07GVMYVW2","BTPLCUSCU-0DDF-5M2P","X00111ZDR5","","","","","","","","","","","","","","",""
"","B07GVNJFWN","BTPSCUSCU-0DDF-5M2P","BTPSCUSCU-0DDF-5M2P","X001VK91FJ","SC to SC Fiber Patch Cable Single Mode Duplex - 5m (16.4ft) - 9/125um OS1 (2 Pack) - Beyondtech PureOptics Cable Series","BTPSCUSCU-0DDF-5M2P","B07GVNJFWN","BTPSCUSCU-0DDF-5M2P","X00113ON3X","","","","","","","","","","","","","","",""
"","B07GVNQXTB","BTPLCUSTU-0DDF-5M5P","BTPLCUSTU-0DDF-5M5P","X001VKFAFJ","LC to ST Fiber Patch Cable Single Mode Duplex - 5m (16.4ft) - 9/125um OS1 (5 Pack) - Beyondtech PureOptics Cable Series","BTPLCUSTU-0DDF-5M5P","B07GVNQXTB","BTPLCUSTU-0DDF-5M5P","X00111ZDKH","","","","","","","","","","","","","","",""
"","B07GVNRSRQ","BTPSCUSTU-0DDF-5M2P","BTPSCUSTU-0DDF-5M2P","X001VKRO8Z","SC to ST Fiber Patch Cable Single Mode Duplex - 5m (16.4ft) - 9/125um OS1 (2 Pack) - Beyondtech PureOptics Cable Series","BTPSCUSTU-0DDF-5M2P","B07GVNRSRQ","BTPSCUSTU-0DDF-5M2P","X0011856AR","","","","","","","","","","","","","","",""
"","B07GVPH3FR","BTPLCULCU-0DDF-5M2P","BTPLCULCU-0DDF-5M2P","X001VKDGQJ","LC to LC Fiber Patch Cable Single Mode Duplex - 5m (16.4ft) - 9/125um OS1 (2 Pack) - Beyondtech PureOptics Cable Series","BTPLCULCU-0DDF-5M2P","B07GVPH3FR","BTPLCULCU-0DDF-5M2P","X0011856H5","","","","","","","","","","","","","","",""
"","B07GVQBNPL","BTPLCUSTU-0DDF-5M2P","BTPLCUSTU-0DDF-5M2P","X001VKRPUR","LC to ST Fiber Patch Cable Single Mode Duplex - 5m (16.4ft) - 9/125um OS1 (2 Pack) - Beyondtech PureOptics Cable Series","BTPLCUSTU-0DDF-5M2P","B07GVQBNPL","BTPLCUSTU-0DDF-5M2P","X00111ZDMZ","","","","","","","","","","","","","","",""
"","B07GVQGQY5","BTPLCULCU-0DDF-5M5P","BTPLCULCU-0DDF-5M5P","X001VK92D5","LC to LC Fiber Patch Cable Single Mode Duplex - 5m (16.4ft) - 9/125um OS1 (5 Pack) - Beyondtech PureOptics Cable Series","BTPLCULCU-0DDF-5M5P","B07GVQGQY5","BTPLCULCU-0DDF-5M5P","X0011856AH","","","","","","","","","","","","","","",""
"","B07GVQK9VN","BTPLCUSCU-0DDF-5M5P","BTPLCUSCU-0DDF-5M5P","X001VKFF13","LC to SC Fiber Patch Cable Single Mode Duplex - 5m (16.4ft) - 9/125um OS1 (5 Pack) - Beyondtech PureOptics Cable Series","BTPLCUSCU-0DDF-5M5P","B07GVQK9VN","BTPLCUSCU-0DDF-5M5P","X00115KC3L","","","","","","","","","","","","","","",""
"","B07GVQTKPY","BTPSTUSTU-0DDF-5M2P","BTPSTUSTU-0DDF-5M2P","X001VKF23J","ST to ST Fiber Patch Cable Single Mode Duplex - 5m (16.4ft) - 9/125um OS1 (2 Pack) - Beyondtech PureOptics Cable Series","BTPSTUSTU-0DDF-5M2P","B07GVQTKPY","BTPSTUSTU-0DDF-5M2P","X001185DK5","","","","","","","","","","","","","","",""
"","B07NFW28LS","BTAPSCDA-SMH6GZ-1P","BTAPSCDA-SMH6GZ-1P","X0021Q5WOL","SC Fiber Adapter Panel LGX Footprint APC, Loaded w/6 SC Duplex OS1/OS2 Singlemode Green - Beyondtech Single mode Series","","","","","","","","","","","","","","","","","","",""
"","B07NFY93XT","BTAPLCQU-SMH6UZ-1P","BTAPLCQU-SMH6UZ-1P","X0021R2R1B","LC Fiber Adapter Panel LGX Footprint UPC, Loaded w/6 LC Quad OS1/OS2 Singlemode Blue - Beyondtech Single mode Series","","","","","","","","","","","","","","","","","","",""
"","B07NGFQCWF","BTAPSCDA-SMH8GZ-1P","BTAPSCDA-SMH8GZ-1P","X0021U0QC5","SC Fiber Adapter Panel LGX Footprint APC, Loaded w/8 SC Duplex OS1/OS2 Singlemode Green - Beyondtech Single mode Series","","","","","","","","","","","","","","","","","","",""
"","B07NGHFWT3","BTAPLCSA-SMH6GZ-1P","BTAPLCSA-SMH6GZ-1P","X0021P61QP","LC Fiber Adapter Panel LGX Footprint APC, Loaded w/6 LC Simplex OS1/OS2 Singlemode Green - Beyondtech Single mode Series","","","","","","","","","","","","","","","","","","",""
"","B07NGJB7KC","BTAPLCDA-SMH6GZ-1P","BTAPLCDA-SMH6GZ-1P","X0021U0SBT","LC Fiber Adapter Panel LGX Footprint APC, Loaded w/6 LC Duplex OS1/OS2 Singlemode Green - Beyondtech Single mode Series","","","","","","","","","","","","","","","","","","",""
"","B07NGJWLKL","BTAPSCDU-SMH6UZ-1P","BTAPSCDU-SMH6UZ-1P","X0021S7P17","SC Fiber Adapter Panel LGX Footprint UPC, Loaded w/6 SC Duplex OS1/OS2 Singlemode Blue - Beyondtech Single mode Series","","","","","","","","","","","","","","","","","","",""
"","B07NGK7K4D","BTAPLCQU-SMH12UZ-1P","BTAPLCQU-SMH12UZ-1P","X0021R2R39","LC Fiber Adapter Panel LGX Footprint UPC, Loaded w/12 LC Quad OS1/OS2 Singlemode Blue - Beyondtech Single mode Series","","","","","","","","","","","","","","","","","","",""
"","B07NGKH1YY","BTAPLCDU-SMH6UZ-1P","BTAPLCDU-SMH6UZ-1P","X0021T3AJ7","LC Fiber Adapter Panel LGX Footprint UPC, Loaded w/6 LC Duplex OS1/OS2 Singlemode Blue - Beyondtech Single mode Series","","","","","","","","","","","","","","","","","","",""
"","B07NGKPKLB","BTAPLCQU-SMH8UZ-1P","BTAPLCQU-SMH8UZ-1P","X0021U0DWX","LC Fiber Adapter Panel LGX Footprint UPC, Loaded w/8 LC Quad OS1/OS2 Singlemode Blue - Beyondtech Single mode Series","","","","","","","","","","","","","","","","","","",""
"","B07NGKTCQ9","BTAPSCDU-SMH12UZ-1P","BTAPSCDU-SMH12UZ-1P","X002229FC9","SC Fiber Adapter Panel LGX Footprint UPC, Loaded w/12 SC Duplex OS1/OS2 Singlemode Blue - Beyondtech Single mode Series","","","","","","","","","","","","","","","","","","",""
"","B07NGKY6BH","BTAPLCSU-SMH8UZ-1P","BTAPLCSU-SMH8UZ-1P","X0021T375J","LC Fiber Adapter Panel LGX Footprint UPC, Loaded w/8 LC Simplex OS1/OS2 Singlemode Blue - Beyondtech Single mode Series","","","","","","","","","","","","","","","","","","",""
"","B07NGLJTYQ","BTAPFCDSU-SMH12AZ-1P","BTAPFCDSU-SMH12AZ-1P","X0021Q5GID","FC Fiber Adapter Panel LGX Footprint UPC, Loaded w/12 FC Simplex OS1/OS2 Singlemode Black - Beyondtech Single mode Series","","","","","","","","","","","","","","","","","","",""
"","B07NGLMLP3","BTAPSCQA-SMH6GZ-1P","BTAPSCQA-SMH6GZ-1P","X0021U0RZ1","SC Fiber Adapter Panel LGX Footprint APC, Loaded w/6 SC Quad OS1/OS2 Singlemode Green - Beyondtech Single mode Series","","","","","","","","","","","","","","","","","","",""
"","B07NGNTY1F","BTAPSCQA-SMH8GZ-1P","BTAPSCQA-SMH8GZ-1P","X0021Q5TJ9","SC Fiber Adapter Panel LGX Footprint APC, Loaded w/8 SC Quad OS1/OS2 Singlemode Green - Beyondtech Single mode Series","","","","","","","","","","","","","","","","","","",""
"","B07NGP3YQ2","BTAPLCDU-SMH12UZ-1P","BTAPLCDU-SMH12UZ-1P","X0021T35AB","LC Fiber Adapter Panel LGX Footprint UPC, Loaded w/12 LC Duplex OS1/OS2 Singlemode Blue - Beyondtech Single mode Series","","","","","","","","","","","","","","","","","","",""
"","B07NGPXKQQ","BTAPLCSA-SMH8GZ-1P","BTAPLCSA-SMH8GZ-1P","X002229U9H","LC Fiber Adapter Panel LGX Footprint APC, Loaded w/8 LC Simplex OS1/OS2 Singlemode Green - Beyondtech Single mode Series","","","","","","","","","","","","","","","","","","",""
"","B07NGQBYXQ","BTAPLCQA-SMH6GZ-1P","BTAPLCQA-SMH6GZ-1P","X002229V0P","LC Fiber Adapter Panel LGX Footprint APC, Loaded w/6 LC Quad OS1/OS2 Singlemode Green - Beyondtech Single mode Series","","","","","","","","","","","","","","","","","","",""
"","B07NGRDWHD","BTAPSCSU-SMH8UZ-1P","BTAPSCSU-SMH8UZ-1P","X0021U0YKJ","SC Fiber Adapter Panel LGX Footprint UPC, Loaded w/8 SC Simplex OS1/OS2 Singlemode Blue - Beyondtech Single mode Series","","","","","","","","","","","","","","","","","","",""
"","B07NGRF5RM","BTAPFCDSU-SMH8AZ-1P","BTAPFCDSU-SMH8AZ-1P","X002229UKV","FC Fiber Adapter Panel LGX Footprint UPC, Loaded w/8 FC Simplex OS1/OS2 Singlemode Black - Beyondtech Single mode Series","","","","","","","","","","","","","","","","","","",""
"","B07NGRJ4FV","BTAPLCSU-SMH12UZ-1P","BTAPLCSU-SMH12UZ-1P","X0021U0S05","LC Fiber Adapter Panel LGX Footprint UPC, Loaded w/12 LC Simplex OS1/OS2 Singlemode Blue - Beyondtech Single mode Series","","","","","","","","","","","","","","","","","","",""
"","B07NGST1TK","BTAPSCSA-SMH6GZ-1P","BTAPSCSA-SMH6GZ-1P","X0021U05A3","SC Fiber Adapter Panel LGX Footprint APC, Loaded w/6 SC Simplex OS1/OS2 Singlemode Green - Beyondtech Single mode Series","","","","","","","","","","","","","","","","","","",""
"","B07NGTYQWL","BTAPSTSU-SMH6AZ-1P","BTAPSTSU-SMH6AZ-1P","X0021T3NGR","ST Fiber Adapter Panel LGX Footprint UPC, Loaded w/6 ST Simplex OS1/OS2 Singlemode Black - Beyondtech Single mode Series","","","","","","","","","","","","","","","","","","",""
"","B07NGVFVD3","BTAPLCDU-SMH8UZ-1P","BTAPLCDU-SMH8UZ-1P","X002229UZ1","LC Fiber Adapter Panel LGX Footprint UPC, Loaded w/8 LC Duplex OS1/OS2 Singlemode Blue - Beyondtech Single mode Series","","","","","","","","","","","","","","","","","","",""
"","B07NGX9N61","BTAPSCSU-SMH6UZ-1P","BTAPSCSU-SMH6UZ-1P","X0021S7M6Z","SC Fiber Adapter Panel LGX Footprint UPC, Loaded w/6 SC Simplex OS1/OS2 Singlemode Blue - Beyondtech Single mode Series","","","","","","","","","","","","","","","","","","",""
"","B07NGXLVBN","BTAPSTSU-SMH8AZ-1P","BTAPSTSU-SMH8AZ-1P","X0021U0QNJ","ST Fiber Adapter Panel LGX Footprint UPC, Loaded w/8 ST Simplex OS1/OS2 Singlemode Black - Beyondtech Single mode Series","","","","","","","","","","","","","","","","","","",""
"","B07PY4RLF9","BTPLCULCU-0DDF-30M1P","BT-FOOS1PC-LCLC-98FT1P","X001D65QGT","LC to LC Fiber Patch Cable Single Mode Duplex - 30m (98.4ft) - 9/125um OS1 / - Beyondtech PureOptics Cable Series","BTPLCULCU-0DDF-30M1P","B07PY4RLF9","BTPLCULCU-0DDF-30M1P","X00115KIZX","","","","","","","","","","","","","","",""
"","B07Q1DFGD6","BTPSCUSTU-0DDF-30M1P","BT-FOOS1PC-SCST-98FT1P","X001DB4D2H","SC to ST Fiber Patch Cable Single Mode Duplex - 30m (98.4ft) - 9/125um OS1 / - Beyondtech PureOptics Cable Series","BTPSCUSTU-0DDF-30M1P","B07Q1DFGD6","BTPSCUSTU-0DDF-30M1P","X00111ZDGV","","","","","","","","","","","","","","",""
"","B07Q1DGDYH","BTPLCUSTU-0DDF-30M1P","BT-FOOS1PC-LCST-98FT1P","X001D4VAZH","LC to ST Fiber Patch Cable Single Mode Duplex - 30m (98.4ft) - 9/125um OS1 / - Beyondtech PureOptics Cable Series","BTPLCUSTU-0DDF-30M1P","B07Q1DGDYH","BTPLCUSTU-0DDF-30M1P","X00110ID6J","","","","","","","","","","","","","","",""
"","B07Q21ZH7K","BTPSTUSTU-0DDF-30M1P","BT-FOOS1PC-STST-98FT1P","X001D4VAZ7","ST to ST Fiber Patch Cable Single Mode Duplex - 30m (98.4ft) - 9/125um OS1 / - Beyondtech PureOptics Cable Series","BTPSTUSTU-0DDF-30M1P","B07Q21ZH7K","BTPSTUSTU-0DDF-30M1P","X001185675","","","","","","","","","","","","","","",""
"","B07Q23N1VS","BTPLCUSCU-0DDF-30M1P","BT-FOOS1PC-LCSC-98FT1P","X001D6LVLD","LC to SC Fiber Patch Cable Single Mode Duplex - 30m (98.4ft) - 9/125um OS1 / - Beyondtech PureOptics Cable Series","BTPLCUSCU-0DDF-30M1P","B07Q23N1VS","BTPLCUSCU-0DDF-30M1P","X00115KC45","","","","","","","","","","","","","","",""
"","B07Q25MB3L","BTPSCUSCU-0DDF-30M1P","BT-FOOS1PC-SCSC-98FT1P","X001DB2E69","SC to SC Fiber Patch Cable Single Mode Duplex - 30m (98.4ft) - 9/125um OS1 / - Beyondtech PureOptics Cable Series","BTPSCUSCU-0DDF-30M1P","B07Q25MB3L","BTPSCUSCU-0DDF-30M1P","X00111ZDHP","","","","","","","","","","","","","","",""
"","B087GXBLGM","BTPSCASCA-0SIB-10M1P","BTPSCASCA-0SIB-10M1P","X002IEAC4V","SC/APC to SC/APC Fiber Patch Cable Single Mode Simplex - 10m (32.8ft) - 9/125um OS1 / 2.0mm LSZH (1 Pack) - Beyondtech PureOptics Cable Series","","","","","","","","","","","","","","","","","","",""
"","B087GY1Q7Y","BTPLCASCA-0SIB-5M1P","BTPLCASCA-0SIB-5M1P","X002IE3JC3","LC/APC to SC/APC Fiber Patch Cable Single Mode Simplex - 5m (16.4ft) - 9/125um OS1 / 2.0mm LSZH (1 Pack) - Beyondtech PureOptics Cable Series","","","","","","","","","","","","","","","","","","",""
"","B087H51N4J","BTPLCASCA-0SIB-3M1P","BTPLCASCA-0SIB-3M1P","X002IED9E1","LC/APC to SC/APC Fiber Patch Cable Single Mode Simplex - 3m (9.84ft) - 9/125um OS1 / 2.0mm LSZH (1 Pack) - Beyondtech PureOptics Cable Series","","","","","","","","","","","","","","","","","","",""
"","B087H7L1RV","BTPLCASCA-0SIB-1M1P","BTPLCASCA-0SIB-1M1P","X002IED9DH","LC/APC to SC/APC Fiber Patch Cable Single Mode Simplex - 1m (3.28ft) - 9/125um OS1 / 2.0mm LSZH (1 Pack) - Beyondtech PureOptics Cable Series","","","","","","","","","","","","","","","","","","",""
"","B087HCST92","BTPSCASCA-0SIB-5M1P","BTPSCASCA-0SIB-5M1P","X002IDKL7F","SC/APC to SC/APC Fiber Patch Cable Single Mode Simplex - 5m (16.4ft) - 9/125um OS1 / 2.0mm LSZH (1 Pack) - Beyondtech PureOptics Cable Series","","","","","","","","","","","","","","","","","","",""
